{
  "images" : [
    {
      "filename" : "Simulator Screenshot - iPhone 16 - 2025-01-15 at 14.58.04.png",
      "idiom" : "iphone",
      "scale" : "1x"
    },
    {
      "idiom" : "iphone",
      "scale" : "2x"
    },
    {
      "idiom" : "iphone",
      "scale" : "3x"
    },
    {
      "filename" : "Simulator Screenshot - iPad (10th generation) - 2025-01-15 at 15.00.33.png",
      "idiom" : "ipad",
      "scale" : "1x"
    },
    {
      "idiom" : "ipad",
      "scale" : "2x"
    }
  ],
  "info" : {
    "author" : "xcode",
    "version" : 1
  }
}
